content,likes,author,type
"在我妈的努力下加了三十个人
屡战屡败，又屡败屡战
	
总结：
1，我的问题，对太好的东西患得患失
2，不喜欢才会不主动，慢热就是不喜欢
3，聊得来真的很重要
	
而且这个过程真是又耗精力又耗时间
	
",29000,"没钱硬躺",post
"步入28后老妈开始紧锣密鼓地张罗
	
见了几个之后 突然好奇为啥每任相亲对象见到我都能一下认出我 反应了一下问了俺妈给人家发我的我哪些照骗 她就给我发了这三张
	
不得不说五十岁的女士还是挺有审美的#",16000,-ayuyu,post
"女朋友😭
复盘一下当时为谈到女友作出的努力：
1. 朋友聚会局上第一次见她，她正蹲在路边喂流浪猫，阳光洒在发梢上，说话都软乎乎的。我当场就挪不开眼，鼓着十二分勇气借“帮她拍照片”搭话。
2. 办健身卡",10000,"海瑟薇",post
"#成都人民公园相亲角[话题]# 随手遇到一个 现实身高好高啊",9568,"污泥倪",post
"从发帖到谈上见了三次，给大家参考
#和喜欢的人一起吃饭[话题]# #谈恋爱[话题]# #我的恋爱日记[话题]# #恋爱日常[话题]# #相亲后续[话题]# #处对象奔现[话题]# #相亲记[话题]#",8489,niniinn,post
"只要性别男170+工作gwy或者tzn
不管长相怎么样 马上一群人就吻上去了
就算想恋爱想结婚也先看看照片再决定下不下嘴吧…
#相亲[话题]#",8155,"三井寿寿子哒",post
"「咱俩合不合拍」快速测试题，相亲局必备题，带点小幽默，朋友聚会、相亲尬聊都能用👇
	
咋玩？
✅1. 一起做题，推荐连麦一起吐槽选项
	
✅2. 交换答案算分：
每题选到一样的就记1分
	
满分12分",6269,"哥布林不会梦见冰淇淋雨",post
"#新加坡[话题]##新加坡爱情观[话题]##新加坡生活[话题]# #找对象[话题]##金钱观[话题]#",4073,"Popping SG",post
"被追求者一秒破防骂我老？直接一点杀去相亲角
	
#相亲[话题]##深圳相亲角[话题]##内容过于真实[话题]##日常vlog[话题]##颜行[话题]##智界直接一点挑战[话题]# #智界大有可玩[话题",3749,"行哥哥哥-",post
"要说谈恋爱找对象本人也是专业的！😎😎😎女孩们都看过来！
#牵手APP[话题]# #深圳脱单[话题]# #找对象[话题]# #拒绝向下兼容[话题]# #女生们清醒一点吧[话题]# #个人感情观[话题]#",3704,"袁圆的宇宙",post
"#搞笑[话题]##七夕[话题]# #剧情演绎[话题]##相亲[话题]##抽象[话题]##文静小女孩[话题]##淘宝闪购点外卖更优惠[话题]##淘宝闪购七夕寻宝请喝甜饮[话题]##湾区寻宝[话题]##j",3443,"亿万圆",post
"1.是真帅哥，理工类班草到院草这个水平，不是自评的6分这种，且其他方面条件尚可，比如本科，工作还可以，家庭小康，人品尚可，生活健康。就上海而言，相亲中遇到的A8并不少，但是真帅哥真的少。可能30个里面",3157,"一只",post
"xhs找对象半个月总结",2155,~~,post
"单身太久了，想找个对象处处，可以认识认识吗？择偶条件只需要接受到我就好
	
#找对象[话题]# #找男友[话题]# #本人单身寻找另一半[话题]#",2057,"带枪的女孩🌝",post
"#上海[话题]# #沪漂[话题]# #情感共鸣[话题]# #婚姻[话题]# #人民广场[话题]# #人民公园相亲角[话题]#",1565,"阳77",post
